{"test/top5: embedding2 to embedding1":0.3597000267833229,"train/top5: embedding2 to embedding1":1,"epoch":99,"train/top1: embedding1 to embedding2":0.625,"test/top5: embedding1 to embedding2":0.34461208820641015,"train/similarity_matrix":{"sha256":"d60b01fa742f641f9f8dd9ff7f9449a009d82b4d710905ab0765536444a57404","size":13638,"path":"media/images/train/similarity_matrix_495_d60b01fa742f641f9f8d.png","format":"png","width":640,"height":480,"_type":"image-file"},"test/top10: embedding1 to embedding2":0.6598517989465227,"test/top10: embedding2 to embedding1":0.6791357914471922,"test/top1: embedding2 to embedding1":0.07535041514150523,"train/top1: embedding2 to embedding1":0.625,"test/similarity_matrix":{"size":13790,"path":"media/images/test/similarity_matrix_497_fcdd7c7964f1d25e6028.png","format":"png","width":640,"height":480,"_type":"image-file","sha256":"fcdd7c7964f1d25e6028e07d475be9a4cfbe7e528af6865c1c47597d7ddd4ab6"},"_wandb":{"runtime":134994},"tsne/test_embeddings":{"format":"png","width":988,"height":659,"_type":"image-file","sha256":"3b1a95e3865c0faa28dddb764c8582382e486d17cad256eea3eb00b6f3dc40eb","size":83878,"path":"media/images/tsne/test_embeddings_498_3b1a95e3865c0faa28dd.png"},"train/loss":1.97140140290837,"test/loss":2.7685953754501234,"_step":499,"_runtime":134994,"train/top5: embedding1 to embedding2":1,"test/top1: embedding1 to embedding2":0.07204713864833497,"_timestamp":1.7637857404246063e+09}