{"train/top1: embedding2 to embedding1":0.625,"train/top5: embedding1 to embedding2":1,"_wandb":{"runtime":21940},"_step":90,"tsne/test_embeddings":{"sha256":"38a9444ebde3d8f234b362966b4e4f3dc2c0cc4dc55d71233cbb53242d8041ff","size":83586,"path":"media/images/tsne/test_embeddings_88_38a9444ebde3d8f234b3.png","format":"png","width":988,"height":659,"_type":"image-file"},"train/loss":1.9967497864109949,"test/top10: embedding2 to embedding1":0.6425319167931435,"_runtime":21940,"test/top5: embedding1 to embedding2":0.3210427640389251,"_timestamp":1.7636504333765044e+09,"test/top5: embedding2 to embedding1":0.32970270511561467,"test/top1: embedding1 to embedding2":0.0659762521203464,"test/top10: embedding1 to embedding2":0.6355682528345683,"test/top1: embedding2 to embedding1":0.06463708597446656,"epoch":18,"test/loss":2.7700465579175746,"train/top1: embedding1 to embedding2":0.625,"train/top5: embedding2 to embedding1":1,"test/similarity_matrix":{"format":"png","width":640,"height":480,"_type":"image-file","sha256":"b39d6c08aa923b976bc05e6290a12c35eb06a50ea5d8c6289ef96a5b1eea8d60","size":12227,"path":"media/images/test/similarity_matrix_87_b39d6c08aa923b976bc0.png"},"train/similarity_matrix":{"_type":"image-file","sha256":"90c7cdf3af3f5cdb01360355e3483508145f2c1898fb25692f962ba1cd6425eb","size":14585,"path":"media/images/train/similarity_matrix_90_90c7cdf3af3f5cdb0136.png","format":"png","width":640,"height":480}}