{"test/top10: embedding2 to embedding1":0.6474421926613695,"tsne/test_embeddings":{"width":988,"height":662,"_type":"image-file","sha256":"3c8a290ab1774bd16cb79a7cdb0253a0bc498484d5c1899b759954580bc0b0c8","size":78920,"path":"media/images/tsne/test_embeddings_3_3c8a290ab1774bd16cb7.png","format":"png"},"train/similarity_matrix":{"size":15898,"path":"media/images/train/similarity_matrix_5_dbe96af1b5bd94968cb8.png","format":"png","width":640,"height":480,"_type":"image-file","sha256":"dbe96af1b5bd94968cb8e7d248689c96d6e169ac1323ef2305c02141eea3df7f"},"train/top1: embedding1 to embedding2":0.375,"test/top1: embedding2 to embedding1":0.07044013927327918,"train/top5: embedding1 to embedding2":1,"test/similarity_matrix":{"width":640,"height":480,"_type":"image-file","sha256":"af1edaddcc34dce40e5429c87680c627c33634e36e87d3282f178b9cd22206f4","size":14525,"path":"media/images/test/similarity_matrix_2_af1edaddcc34dce40e54.png","format":"png"},"test/loss":2.768119584816839,"_wandb":{"runtime":1295},"train/top10: embedding2 to embedding1":1,"train/top10: embedding1 to embedding2":1,"test/top5: embedding1 to embedding2":0.3371127577894831,"train/loss":2.315400927004563,"train/top1: embedding2 to embedding1":0.25,"epoch":1,"train/top5: embedding2 to embedding1":1,"_runtime":1295,"test/top1: embedding1 to embedding2":0.07026158378716187,"test/top10: embedding1 to embedding2":0.6511025801267744,"_step":5,"_timestamp":1.7639683188536873e+09,"test/top5: embedding2 to embedding1":0.34104097848406395}