{"train/loss":1.9391857772414585,"test/top1: embedding1 to embedding2":0.09240246406570841,"test/loss":2.74201788881876,"train/top5: embedding2 to embedding1":1,"_step":499,"train/top1: embedding1 to embedding2":0.75,"test/top5: embedding2 to embedding1":0.41112400678510846,"test/similarity_matrix":{"sha256":"8c8bd0593257fc96252df9ba22c486e9cc03871f975e47b94e3d6f1c28f757be","size":12178,"path":"media/images/test/similarity_matrix_497_8c8bd0593257fc96252d.png","format":"png","width":640,"height":480,"_type":"image-file"},"tsne/test_embeddings":{"format":"png","width":988,"height":659,"_type":"image-file","sha256":"56e5e8f8eb08cf79a8d599b3d60fe58138fbf726c940d280ca8a776aa13c9523","size":80556,"path":"media/images/tsne/test_embeddings_498_56e5e8f8eb08cf79a8d5.png"},"test/top10: embedding1 to embedding2":0.7200249977680564,"test/top5: embedding1 to embedding2":0.4119275064726364,"_wandb":{"runtime":134360},"train/similarity_matrix":{"_type":"image-file","sha256":"e31bb19bbaf52f558b2f2ada97d29fcda76fffcdd56c64bd233fdef82d0ae72b","size":13664,"path":"media/images/train/similarity_matrix_495_e31bb19bbaf52f558b2f.png","format":"png","width":640,"height":480},"test/top10: embedding2 to embedding1":0.7218998303722882,"_timestamp":1.7638315986128023e+09,"_runtime":134360,"test/top1: embedding2 to embedding1":0.09329524149629498,"epoch":99,"train/top5: embedding1 to embedding2":1,"train/top1: embedding2 to embedding1":0.875}