{"_runtime":7310,"train/top5: embedding1 to embedding2":1,"_wandb":{"runtime":7310},"train/top1: embedding2 to embedding1":0.625,"test/top10: embedding1 to embedding2":0.6688688509954468,"test/top5: embedding2 to embedding1":0.35764663869297386,"test/similarity_matrix":{"path":"media/images/test/similarity_matrix_27_64e4d03b4b302f0ea61e.png","format":"png","width":640,"height":480,"_type":"image-file","sha256":"64e4d03b4b302f0ea61eade67dc6558246f49b792f12cebfa89bf3a956f76b91","size":12843},"test/top1: embedding2 to embedding1":0.07267208284974556,"tsne/test_embeddings":{"width":980,"height":659,"_type":"image-file","sha256":"0fb4e8f17f8d90c7be181670abcc635365c0730dc60cb5e2812c4b5e8a88e7b0","size":19192,"path":"media/images/tsne/test_embeddings_28_0fb4e8f17f8d90c7be18.png","format":"png"},"train/top1: embedding1 to embedding2":0.625,"test/loss":2.7693056788152024,"train/top5: embedding2 to embedding1":1,"train/similarity_matrix":{"width":640,"height":480,"_type":"image-file","sha256":"cafcfc2e4d1375db6f61b7b671d1bf966502f6dd80bf38ccdc81285f78e43ed2","size":15342,"path":"media/images/train/similarity_matrix_30_cafcfc2e4d1375db6f61.png","format":"png"},"train/loss":2.059597232840959,"_step":30,"epoch":6,"test/top5: embedding1 to embedding2":0.35952147129720563,"_timestamp":1.7636286895970352e+09,"test/top1: embedding1 to embedding2":0.07936791357914472,"test/top10: embedding2 to embedding1":0.6714579055441479}